USE MOVESDEFAULT;
-- 
-- Populate the SourceTypeAgeDistribution Table
--

delete from sourcetypeagedistribution;

insert into sourcetypeagedistribution (SourceTypeID, yearID, ageID, ageFraction) values (21, 1999,0,0.0529846413801739);
insert into sourcetypeagedistribution (SourceTypeID, yearID, ageID, ageFraction) values (21, 1999,1,0.0706399763939709);
insert into sourcetypeagedistribution (SourceTypeID, yearID, ageID, ageFraction) values (21, 1999,2,0.070606842360398);
insert into sourcetypeagedistribution (SourceTypeID, yearID, ageID, ageFraction) values (21, 1999,3,0.0705037909543549);
insert into sourcetypeagedistribution (SourceTypeID, yearID, ageID, ageFraction) values (21, 1999,4,0.070261543431803);
insert into sourcetypeagedistribution (SourceTypeID, yearID, ageID, ageFraction) values (21, 1999,5,0.0697821988835324);
insert into sourcetypeagedistribution (SourceTypeID, yearID, ageID, ageFraction) values (21, 1999,6,0.0689393420555463);
insert into sourcetypeagedistribution (SourceTypeID, yearID, ageID, ageFraction) values (21, 1999,7,0.0675822234624331);
insert into sourcetypeagedistribution (SourceTypeID, yearID, ageID, ageFraction) values (21, 1999,8,0.0655458198586363);
insert into sourcetypeagedistribution (SourceTypeID, yearID, ageID, ageFraction) values (21, 1999,9,0.062668690952918);
insert into sourcetypeagedistribution (SourceTypeID, yearID, ageID, ageFraction) values (21, 1999,10,0.0588197105698625);
insert into sourcetypeagedistribution (SourceTypeID, yearID, ageID, ageFraction) values (21, 1999,11,0.0539323452383004);
insert into sourcetypeagedistribution (SourceTypeID, yearID, ageID, ageFraction) values (21, 1999,12,0.0458019500850921);
insert into sourcetypeagedistribution (SourceTypeID, yearID, ageID, ageFraction) values (21, 1999,13,0.0363148427386817);
insert into sourcetypeagedistribution (SourceTypeID, yearID, ageID, ageFraction) values (21, 1999,14,0.0287928365463497);
insert into sourcetypeagedistribution (SourceTypeID, yearID, ageID, ageFraction) values (21, 1999,15,0.0228288846746324);
insert into sourcetypeagedistribution (SourceTypeID, yearID, ageID, ageFraction) values (21, 1999,16,0.0181002641246933);
insert into sourcetypeagedistribution (SourceTypeID, yearID, ageID, ageFraction) values (21, 1999,17,0.0143511005361431);
insert into sourcetypeagedistribution (SourceTypeID, yearID, ageID, ageFraction) values (21, 1999,18,0.0113785091206818);
insert into sourcetypeagedistribution (SourceTypeID, yearID, ageID, ageFraction) values (21, 1999,19,0.0090216467461249);
insert into sourcetypeagedistribution (SourceTypeID, yearID, ageID, ageFraction) values (21, 1999,20,0.00715296189749943);
insert into sourcetypeagedistribution (SourceTypeID, yearID, ageID, ageFraction) values (21, 1999,21,0.00567134393568497);
insert into sourcetypeagedistribution (SourceTypeID, yearID, ageID, ageFraction) values (21, 1999,22,0.0044966242577992);
insert into sourcetypeagedistribution (SourceTypeID, yearID, ageID, ageFraction) values (21, 1999,23,0.00356522201243555);
insert into sourcetypeagedistribution (SourceTypeID, yearID, ageID, ageFraction) values (21, 1999,24,0.020);
insert into sourcetypeagedistribution (SourceTypeID, yearID, ageID, ageFraction) values (21, 1999,25,0.020);
insert into sourcetypeagedistribution (SourceTypeID, yearID, ageID, ageFraction) values (21, 1999,26,0.020);
insert into sourcetypeagedistribution (SourceTypeID, yearID, ageID, ageFraction) values (21, 1999,27,0.020);
insert into sourcetypeagedistribution (SourceTypeID, yearID, ageID, ageFraction) values (21, 1999,28,0.020);
insert into sourcetypeagedistribution (SourceTypeID, yearID, ageID, ageFraction) values (21, 1999,29,0.020);
insert into sourcetypeagedistribution (SourceTypeID, yearID, ageID, ageFraction) values (21, 1999,30,0.020);
insert into sourcetypeagedistribution (SourceTypeID, yearID, ageID, ageFraction) values (43, 1999,0,0.0393027899195942);
insert into sourcetypeagedistribution (SourceTypeID, yearID, ageID, ageFraction) values (43, 1999,1,0.0734315471372295);
insert into sourcetypeagedistribution (SourceTypeID, yearID, ageID, ageFraction) values (43, 1999,2,0.0685985645674815);
insert into sourcetypeagedistribution (SourceTypeID, yearID, ageID, ageFraction) values (43, 1999,3,0.0640828881333981);
insert into sourcetypeagedistribution (SourceTypeID, yearID, ageID, ageFraction) values (43, 1999,4,0.0598629323835735);
insert into sourcetypeagedistribution (SourceTypeID, yearID, ageID, ageFraction) values (43, 1999,5,0.0559235875020236);
insert into sourcetypeagedistribution (SourceTypeID, yearID, ageID, ageFraction) values (43, 1999,6,0.0522432680373428);
insert into sourcetypeagedistribution (SourceTypeID, yearID, ageID, ageFraction) values (43, 1999,7,0.0488025470832659);
insert into sourcetypeagedistribution (SourceTypeID, yearID, ageID, ageFraction) values (43, 1999,8,0.0455906319140899);
insert into sourcetypeagedistribution (SourceTypeID, yearID, ageID, ageFraction) values (43, 1999,9,0.0425902541686903);
insert into sourcetypeagedistribution (SourceTypeID, yearID, ageID, ageFraction) values (43, 1999,10,0.039786304031083);
insert into sourcetypeagedistribution (SourceTypeID, yearID, ageID, ageFraction) values (43, 1999,11,0.0371679887755653);
insert into sourcetypeagedistribution (SourceTypeID, yearID, ageID, ageFraction) values (43, 1999,12,0.0347201985861529);
insert into sourcetypeagedistribution (SourceTypeID, yearID, ageID, ageFraction) values (43, 1999,13,0.0324342992822837);
insert into sourcetypeagedistribution (SourceTypeID, yearID, ageID, ageFraction) values (43, 1999,14,0.0302994981382548);
insert into sourcetypeagedistribution (SourceTypeID, yearID, ageID, ageFraction) values (43, 1999,15,0.0283050024283633);
insert into sourcetypeagedistribution (SourceTypeID, yearID, ageID, ageFraction) values (43, 1999,16,0.0264421779720468);
insert into sourcetypeagedistribution (SourceTypeID, yearID, ageID, ageFraction) values (43, 1999,17,0.0247023905887432);
insert into sourcetypeagedistribution (SourceTypeID, yearID, ageID, ageFraction) values (43, 1999,18,0.0230748475527494);
insert into sourcetypeagedistribution (SourceTypeID, yearID, ageID, ageFraction) values (43, 1999,19,0.021557390318925);
insert into sourcetypeagedistribution (SourceTypeID, yearID, ageID, ageFraction) values (43, 1999,20,0.0201370676164265);
insert into sourcetypeagedistribution (SourceTypeID, yearID, ageID, ageFraction) values (43, 1999,21,0.0188117209001133);
insert into sourcetypeagedistribution (SourceTypeID, yearID, ageID, ageFraction) values (43, 1999,22,0.0175748745345637);
insert into sourcetypeagedistribution (SourceTypeID, yearID, ageID, ageFraction) values (43, 1999,23,0.0164178943392154);
insert into sourcetypeagedistribution (SourceTypeID, yearID, ageID, ageFraction) values (43, 1999,24,0.011);
insert into sourcetypeagedistribution (SourceTypeID, yearID, ageID, ageFraction) values (43, 1999,25,0.011);
insert into sourcetypeagedistribution (SourceTypeID, yearID, ageID, ageFraction) values (43, 1999,26,0.011);
insert into sourcetypeagedistribution (SourceTypeID, yearID, ageID, ageFraction) values (43, 1999,27,0.011);
insert into sourcetypeagedistribution (SourceTypeID, yearID, ageID, ageFraction) values (43, 1999,28,0.011);
insert into sourcetypeagedistribution (SourceTypeID, yearID, ageID, ageFraction) values (43, 1999,29,0.011);
insert into sourcetypeagedistribution (SourceTypeID, yearID, ageID, ageFraction) values (43, 1999,30,0.012);
insert into sourcetypeagedistribution (SourceTypeID, yearID, ageID, ageFraction) values (42, 1999,0,0.0306897437942555);
insert into sourcetypeagedistribution (SourceTypeID, yearID, ageID, ageFraction) values (42, 1999,1,0.0613794875885111);
insert into sourcetypeagedistribution (SourceTypeID, yearID, ageID, ageFraction) values (42, 1999,2,0.0613794875885111);
insert into sourcetypeagedistribution (SourceTypeID, yearID, ageID, ageFraction) values (42, 1999,3,0.0613794875885111);
insert into sourcetypeagedistribution (SourceTypeID, yearID, ageID, ageFraction) values (42, 1999,4,0.0613794875885111);
insert into sourcetypeagedistribution (SourceTypeID, yearID, ageID, ageFraction) values (42, 1999,5,0.0613794875885111);
insert into sourcetypeagedistribution (SourceTypeID, yearID, ageID, ageFraction) values (42, 1999,6,0.0613794875885111);
insert into sourcetypeagedistribution (SourceTypeID, yearID, ageID, ageFraction) values (42, 1999,7,0.0613617632201632);
insert into sourcetypeagedistribution (SourceTypeID, yearID, ageID, ageFraction) values (42, 1999,8,0.0613617632201632);
insert into sourcetypeagedistribution (SourceTypeID, yearID, ageID, ageFraction) values (42, 1999,9,0.0613085901151198);
insert into sourcetypeagedistribution (SourceTypeID, yearID, ageID, ageFraction) values (42, 1999,10,0.0611490707999894);
insert into sourcetypeagedistribution (SourceTypeID, yearID, ageID, ageFraction) values (42, 1999,11,0.060688237222946);
insert into sourcetypeagedistribution (SourceTypeID, yearID, ageID, ageFraction) values (42, 1999,12,0.0595184289119896);
insert into sourcetypeagedistribution (SourceTypeID, yearID, ageID, ageFraction) values (42, 1999,13,0.0567888761864249);
insert into sourcetypeagedistribution (SourceTypeID, yearID, ageID, ageFraction) values (42, 1999,14,0.0510639052100781);
insert into sourcetypeagedistribution (SourceTypeID, yearID, ageID, ageFraction) values (42, 1999,15,0.0406065278848625);
insert into sourcetypeagedistribution (SourceTypeID, yearID, ageID, ageFraction) values (42, 1999,16,0.0253635711057347);
insert into sourcetypeagedistribution (SourceTypeID, yearID, ageID, ageFraction) values (42, 1999,17,0.0121057435815631);
insert into sourcetypeagedistribution (SourceTypeID, yearID, ageID, ageFraction) values (42, 1999,18,0.00990792190643306);
insert into sourcetypeagedistribution (SourceTypeID, yearID, ageID, ageFraction) values (42, 1999,19,0.00811776070330293);
insert into sourcetypeagedistribution (SourceTypeID, yearID, ageID, ageFraction) values (42, 1999,20,0.00664663813043363);
insert into sourcetypeagedistribution (SourceTypeID, yearID, ageID, ageFraction) values (42, 1999,21,0.00544138108278166);
insert into sourcetypeagedistribution (SourceTypeID, yearID, ageID, ageFraction) values (42, 1999,22,0.00444881645530357);
insert into sourcetypeagedistribution (SourceTypeID, yearID, ageID, ageFraction) values (42, 1999,23,0.00365121987965154);
insert into sourcetypeagedistribution (SourceTypeID, yearID, ageID, ageFraction) values (42, 1999,24,0.0017);
insert into sourcetypeagedistribution (SourceTypeID, yearID, ageID, ageFraction) values (42, 1999,25,0.0017);
insert into sourcetypeagedistribution (SourceTypeID, yearID, ageID, ageFraction) values (42, 1999,26,0.0017);
insert into sourcetypeagedistribution (SourceTypeID, yearID, ageID, ageFraction) values (42, 1999,27,0.0017);
insert into sourcetypeagedistribution (SourceTypeID, yearID, ageID, ageFraction) values (42, 1999,28,0.0017);
insert into sourcetypeagedistribution (SourceTypeID, yearID, ageID, ageFraction) values (42, 1999,29,0.0017);
insert into sourcetypeagedistribution (SourceTypeID, yearID, ageID, ageFraction) values (42, 1999,30,0.0017);
insert into sourcetypeagedistribution (SourceTypeID, yearID, ageID, ageFraction) values (41, 1999,0,0.0306897437942555);
insert into sourcetypeagedistribution (SourceTypeID, yearID, ageID, ageFraction) values (41, 1999,1,0.0613794875885111);
insert into sourcetypeagedistribution (SourceTypeID, yearID, ageID, ageFraction) values (41, 1999,2,0.0613794875885111);
insert into sourcetypeagedistribution (SourceTypeID, yearID, ageID, ageFraction) values (41, 1999,3,0.0613794875885111);
insert into sourcetypeagedistribution (SourceTypeID, yearID, ageID, ageFraction) values (41, 1999,4,0.0613794875885111);
insert into sourcetypeagedistribution (SourceTypeID, yearID, ageID, ageFraction) values (41, 1999,5,0.0613794875885111);
insert into sourcetypeagedistribution (SourceTypeID, yearID, ageID, ageFraction) values (41, 1999,6,0.0613794875885111);
insert into sourcetypeagedistribution (SourceTypeID, yearID, ageID, ageFraction) values (41, 1999,7,0.0613617632201632);
insert into sourcetypeagedistribution (SourceTypeID, yearID, ageID, ageFraction) values (41, 1999,8,0.0613617632201632);
insert into sourcetypeagedistribution (SourceTypeID, yearID, ageID, ageFraction) values (41, 1999,9,0.0613085901151198);
insert into sourcetypeagedistribution (SourceTypeID, yearID, ageID, ageFraction) values (41, 1999,10,0.0611490707999894);
insert into sourcetypeagedistribution (SourceTypeID, yearID, ageID, ageFraction) values (41, 1999,11,0.060688237222946);
insert into sourcetypeagedistribution (SourceTypeID, yearID, ageID, ageFraction) values (41, 1999,12,0.0595184289119896);
insert into sourcetypeagedistribution (SourceTypeID, yearID, ageID, ageFraction) values (41, 1999,13,0.0567888761864249);
insert into sourcetypeagedistribution (SourceTypeID, yearID, ageID, ageFraction) values (41, 1999,14,0.0510639052100781);
insert into sourcetypeagedistribution (SourceTypeID, yearID, ageID, ageFraction) values (41, 1999,15,0.0406065278848625);
insert into sourcetypeagedistribution (SourceTypeID, yearID, ageID, ageFraction) values (41, 1999,16,0.0253635711057347);
insert into sourcetypeagedistribution (SourceTypeID, yearID, ageID, ageFraction) values (41, 1999,17,0.0121057435815631);
insert into sourcetypeagedistribution (SourceTypeID, yearID, ageID, ageFraction) values (41, 1999,18,0.00990792190643306);
insert into sourcetypeagedistribution (SourceTypeID, yearID, ageID, ageFraction) values (41, 1999,19,0.00811776070330293);
insert into sourcetypeagedistribution (SourceTypeID, yearID, ageID, ageFraction) values (41, 1999,20,0.00664663813043363);
insert into sourcetypeagedistribution (SourceTypeID, yearID, ageID, ageFraction) values (41, 1999,21,0.00544138108278166);
insert into sourcetypeagedistribution (SourceTypeID, yearID, ageID, ageFraction) values (41, 1999,22,0.00444881645530357);
insert into sourcetypeagedistribution (SourceTypeID, yearID, ageID, ageFraction) values (41, 1999,23,0.00365121987965154);
insert into sourcetypeagedistribution (SourceTypeID, yearID, ageID, ageFraction) values (41, 1999,24,0.0017);
insert into sourcetypeagedistribution (SourceTypeID, yearID, ageID, ageFraction) values (41, 1999,25,0.0017);
insert into sourcetypeagedistribution (SourceTypeID, yearID, ageID, ageFraction) values (41, 1999,26,0.0017);
insert into sourcetypeagedistribution (SourceTypeID, yearID, ageID, ageFraction) values (41, 1999,27,0.0017);
insert into sourcetypeagedistribution (SourceTypeID, yearID, ageID, ageFraction) values (41, 1999,28,0.0017);
insert into sourcetypeagedistribution (SourceTypeID, yearID, ageID, ageFraction) values (41, 1999,29,0.0017);
insert into sourcetypeagedistribution (SourceTypeID, yearID, ageID, ageFraction) values (41, 1999,30,0.0017);

-- 
-- Populate the SourceTypeYear Table
--

delete from sourcetypeyear;

insert into sourcetypeyear (sourceTypeID, yearID, salesgrowthfactor, migrationrate, sourcetypepopulation) values (21, 1999, null, 1.04, 120213000);
insert into sourcetypeyear (sourceTypeID, yearID, salesgrowthfactor, migrationrate, sourcetypepopulation) values (43,1999,null,1,14111636.76);
insert into sourcetypeyear (sourceTypeID, yearID, salesgrowthfactor, migrationrate, sourcetypepopulation) values (42,1999,null,1,2171021.04);
insert into sourcetypeyear (sourceTypeID, yearID, salesgrowthfactor, migrationrate, sourcetypepopulation) values (41,1999,null,1,1809184.2);
insert into sourcetypeyear (sourceTypeID, yearID, salesgrowthfactor, migrationrate, sourcetypepopulation) values (21,2000,1.01,1.04,null);
insert into sourcetypeyear (sourceTypeID, yearID, salesgrowthfactor, migrationrate, sourcetypepopulation) values (43,2000,1.01,1,null);
insert into sourcetypeyear (sourceTypeID, yearID, salesgrowthfactor, migrationrate, sourcetypepopulation) values (42,2000,1.01,1,null);
insert into sourcetypeyear (sourceTypeID, yearID, salesgrowthfactor, migrationrate, sourcetypepopulation) values (41,2000,1.01,1,null);
insert into sourcetypeyear (sourceTypeID, yearID, salesgrowthfactor, migrationrate, sourcetypepopulation) values (21,2001,1.02,1.04,null);
insert into sourcetypeyear (sourceTypeID, yearID, salesgrowthfactor, migrationrate, sourcetypepopulation) values (43,2001,1.02,1,null);
insert into sourcetypeyear (sourceTypeID, yearID, salesgrowthfactor, migrationrate, sourcetypepopulation) values (42,2001,1.02,1,null);
insert into sourcetypeyear (sourceTypeID, yearID, salesgrowthfactor, migrationrate, sourcetypepopulation) values (41,2001,1.02,1,null);

-- 
-- Populate the SourceTypeAge Table
--

delete from sourcetypeage;

insert into sourcetypeage (sourcetypeid, ageid, survivalrate, relativemar) values (21,0,0.99,1);
insert into sourcetypeage (sourcetypeid, ageid, survivalrate, relativemar) values (21,1,0.95,0.950658858033071);
insert into sourcetypeage (sourcetypeid, ageid, survivalrate, relativemar) values (21,2,0.92,0.903752264356742);
insert into sourcetypeage (sourcetypeid, ageid, survivalrate, relativemar) values (21,3,0.89,0.859160095578183);
insert into sourcetypeage (sourcetypeid, ageid, survivalrate, relativemar) values (21,4,0.86,0.816768155329939);
insert into sourcetypeage (sourcetypeid, ageid, survivalrate, relativemar) values (21,5,0.83,0.776467881823738);
insert into sourcetypeage (sourcetypeid, ageid, survivalrate, relativemar) values (21,6,0.8,0.738156069833912);
insert into sourcetypeage (sourcetypeid, ageid, survivalrate, relativemar) values (21,7,0.77,0.701734606398486);
insert into sourcetypeage (sourcetypeid, ageid, survivalrate, relativemar) values (21,8,0.74,0.667110219561072);
insert into sourcetypeage (sourcetypeid, ageid, survivalrate, relativemar) values (21,9,0.71,0.634194239510119);
insert into sourcetypeage (sourcetypeid, ageid, survivalrate, relativemar) values (21,10,0.68,0.602902371503842);
insert into sourcetypeage (sourcetypeid, ageid, survivalrate, relativemar) values (21,11,0.65,0.573154479999273);
insert into sourcetypeage (sourcetypeid, ageid, survivalrate, relativemar) values (21,12,0.62,0.544874383432647);
insert into sourcetypeage (sourcetypeid, ageid, survivalrate, relativemar) values (21,13,0.59,0.517989659125554);
insert into sourcetypeage (sourcetypeid, ageid, survivalrate, relativemar) values (21,14,0.56,0.492431457817239);
insert into sourcetypeage (sourcetypeid, ageid, survivalrate, relativemar) values (21,15,0.53,0.468134327348096);
insert into sourcetypeage (sourcetypeid, ageid, survivalrate, relativemar) values (21,16,0.5,0.445036045042821);
insert into sourcetypeage (sourcetypeid, ageid, survivalrate, relativemar) values (21,17,0.47,0.423077458363963);
insert into sourcetypeage (sourcetypeid, ageid, survivalrate, relativemar) values (21,18,0.44,0.402202333427819);
insert into sourcetypeage (sourcetypeid, ageid, survivalrate, relativemar) values (21,19,0.41,0.382357210994727);
insert into sourcetypeage (sourcetypeid, ageid, survivalrate, relativemar) values (21,20,0.379999999999999,0.363491269564957);
insert into sourcetypeage (sourcetypeid, ageid, survivalrate, relativemar) values (21,21,0.349999999999999,0.345556195229613);
insert into sourcetypeage (sourcetypeid, ageid, survivalrate, relativemar) values (21,22,0.319999999999999,0.328506057943237);
insert into sourcetypeage (sourcetypeid, ageid, survivalrate, relativemar) values (21,23,0.289999999999999,0.312297193901263);
insert into sourcetypeage (sourcetypeid, ageid, survivalrate, relativemar) values (21,24,0.259999999999999,0.296888093721107);
insert into sourcetypeage (sourcetypeid, ageid, survivalrate, relativemar) values (21,25,0.229999999999999,0.296888093721107);
insert into sourcetypeage (sourcetypeid, ageid, survivalrate, relativemar) values (21,26,0.199999999999999,0.296888093721107);
insert into sourcetypeage (sourcetypeid, ageid, survivalrate, relativemar) values (21,27,0.169999999999999,0.296888093721107);
insert into sourcetypeage (sourcetypeid, ageid, survivalrate, relativemar) values (21,28,0.139999999999999,0.296888093721107);
insert into sourcetypeage (sourcetypeid, ageid, survivalrate, relativemar) values (21,29,0.109999999999999,0.296888093721107);
insert into sourcetypeage (sourcetypeid, ageid, survivalrate, relativemar) values (21,30,0.0799999999999993,0.296888093721107);
insert into sourcetypeage (sourcetypeid, ageid, survivalrate, relativemar) values (43,0,0.99,0.220028229985779);
insert into sourcetypeage (sourcetypeid, ageid, survivalrate, relativemar) values (43,1,0.97,0.220028229985779);
insert into sourcetypeage (sourcetypeid, ageid, survivalrate, relativemar) values (43,2,0.95,0.220028229985779);
insert into sourcetypeage (sourcetypeid, ageid, survivalrate, relativemar) values (43,3,0.93,0.220028229985779);
insert into sourcetypeage (sourcetypeid, ageid, survivalrate, relativemar) values (43,4,0.91,0.220028229985779);
insert into sourcetypeage (sourcetypeid, ageid, survivalrate, relativemar) values (43,5,0.89,0.220028229985779);
insert into sourcetypeage (sourcetypeid, ageid, survivalrate, relativemar) values (43,6,0.87,0.220028229985779);
insert into sourcetypeage (sourcetypeid, ageid, survivalrate, relativemar) values (43,7,0.85,0.220028229985779);
insert into sourcetypeage (sourcetypeid, ageid, survivalrate, relativemar) values (43,8,0.83,0.220028229985779);
insert into sourcetypeage (sourcetypeid, ageid, survivalrate, relativemar) values (43,9,0.81,0.220028229985779);
insert into sourcetypeage (sourcetypeid, ageid, survivalrate, relativemar) values (43,10,0.79,0.220028229985779);
insert into sourcetypeage (sourcetypeid, ageid, survivalrate, relativemar) values (43,11,0.77,0.220028229985779);
insert into sourcetypeage (sourcetypeid, ageid, survivalrate, relativemar) values (43,12,0.75,0.220028229985779);
insert into sourcetypeage (sourcetypeid, ageid, survivalrate, relativemar) values (43,13,0.73,0.220028229985779);
insert into sourcetypeage (sourcetypeid, ageid, survivalrate, relativemar) values (43,14,0.71,0.220028229985779);
insert into sourcetypeage (sourcetypeid, ageid, survivalrate, relativemar) values (43,15,0.69,0.220028229985779);
insert into sourcetypeage (sourcetypeid, ageid, survivalrate, relativemar) values (43,16,0.67,0.220028229985779);
insert into sourcetypeage (sourcetypeid, ageid, survivalrate, relativemar) values (43,17,0.65,0.220028229985779);
insert into sourcetypeage (sourcetypeid, ageid, survivalrate, relativemar) values (43,18,0.63,0.220028229985779);
insert into sourcetypeage (sourcetypeid, ageid, survivalrate, relativemar) values (43,19,0.61,0.220028229985779);
insert into sourcetypeage (sourcetypeid, ageid, survivalrate, relativemar) values (43,20,0.59,0.220028229985779);
insert into sourcetypeage (sourcetypeid, ageid, survivalrate, relativemar) values (43,21,0.57,0.220028229985779);
insert into sourcetypeage (sourcetypeid, ageid, survivalrate, relativemar) values (43,22,0.55,0.220028229985779);
insert into sourcetypeage (sourcetypeid, ageid, survivalrate, relativemar) values (43,23,0.53,0.220028229985779);
insert into sourcetypeage (sourcetypeid, ageid, survivalrate, relativemar) values (43,24,0.51,0.220028229985779);
insert into sourcetypeage (sourcetypeid, ageid, survivalrate, relativemar) values (43,25,0.49,0.220028229985779);
insert into sourcetypeage (sourcetypeid, ageid, survivalrate, relativemar) values (43,26,0.47,0.220028229985779);
insert into sourcetypeage (sourcetypeid, ageid, survivalrate, relativemar) values (43,27,0.45,0.220028229985779);
insert into sourcetypeage (sourcetypeid, ageid, survivalrate, relativemar) values (43,28,0.429999999999999,0.220028229985779);
insert into sourcetypeage (sourcetypeid, ageid, survivalrate, relativemar) values (43,29,0.409999999999999,0.220028229985779);
insert into sourcetypeage (sourcetypeid, ageid, survivalrate, relativemar) values (43,30,0.389999999999999,0.220028229985779);
insert into sourcetypeage (sourcetypeid, ageid, survivalrate, relativemar) values (42,0,0.99,1);
insert into sourcetypeage (sourcetypeid, ageid, survivalrate, relativemar) values (42,1,0.97,0.968119256916563);
insert into sourcetypeage (sourcetypeid, ageid, survivalrate, relativemar) values (42,2,0.95,0.937254895612678);
insert into sourcetypeage (sourcetypeid, ageid, survivalrate, relativemar) values (42,3,0.93,0.907374513081956);
insert into sourcetypeage (sourcetypeid, ageid, survivalrate, relativemar) values (42,4,0.91,0.878446739349931);
insert into sourcetypeage (sourcetypeid, ageid, survivalrate, relativemar) values (42,5,0.89,0.850441204540233);
insert into sourcetypeage (sourcetypeid, ageid, survivalrate, relativemar) values (42,6,0.87,0.823328506990717);
insert into sourcetypeage (sourcetypeid, ageid, survivalrate, relativemar) values (42,7,0.85,0.797080182386076);
insert into sourcetypeage (sourcetypeid, ageid, survivalrate, relativemar) values (42,8,0.83,0.771668673874526);
insert into sourcetypeage (sourcetypeid, ageid, survivalrate, relativemar) values (42,9,0.81,0.747067303137196);
insert into sourcetypeage (sourcetypeid, ageid, survivalrate, relativemar) values (42,10,0.79,0.723250242379842);
insert into sourcetypeage (sourcetypeid, ageid, survivalrate, relativemar) values (42,11,0.77,0.700192487217497);
insert into sourcetypeage (sourcetypeid, ageid, survivalrate, relativemar) values (42,12,0.75,0.677869830423563);
insert into sourcetypeage (sourcetypeid, ageid, survivalrate, relativemar) values (42,13,0.73,0.656258836515816);
insert into sourcetypeage (sourcetypeid, ageid, survivalrate, relativemar) values (42,14,0.71,0.63533681715262);
insert into sourcetypeage (sourcetypeid, ageid, survivalrate, relativemar) values (42,15,0.69,0.615081807313529);
insert into sourcetypeage (sourcetypeid, ageid, survivalrate, relativemar) values (42,16,0.67,0.59547254223927);
insert into sourcetypeage (sourcetypeid, ageid, survivalrate, relativemar) values (42,17,0.65,0.576488435106898);
insert into sourcetypeage (sourcetypeid, ageid, survivalrate, relativemar) values (42,18,0.63,0.558109555416683);
insert into sourcetypeage (sourcetypeid, ageid, survivalrate, relativemar) values (42,19,0.61,0.540316608068032);
insert into sourcetypeage (sourcetypeid, ageid, survivalrate, relativemar) values (42,20,0.59,0.523090913102501);
insert into sourcetypeage (sourcetypeid, ageid, survivalrate, relativemar) values (42,21,0.57,0.506414386092599);
insert into sourcetypeage (sourcetypeid, ageid, survivalrate, relativemar) values (42,22,0.55,0.490269519155825);
insert into sourcetypeage (sourcetypeid, ageid, survivalrate, relativemar) values (42,23,0.53,0.474639362573978);
insert into sourcetypeage (sourcetypeid, ageid, survivalrate, relativemar) values (42,24,0.51,0.45950750699847);
insert into sourcetypeage (sourcetypeid, ageid, survivalrate, relativemar) values (42,25,0.49,0.45950750699847);
insert into sourcetypeage (sourcetypeid, ageid, survivalrate, relativemar) values (42,26,0.47,0.45950750699847);
insert into sourcetypeage (sourcetypeid, ageid, survivalrate, relativemar) values (42,27,0.45,0.45950750699847);
insert into sourcetypeage (sourcetypeid, ageid, survivalrate, relativemar) values (42,28,0.43,0.45950750699847);
insert into sourcetypeage (sourcetypeid, ageid, survivalrate, relativemar) values (42,29,0.41,0.45950750699847);
insert into sourcetypeage (sourcetypeid, ageid, survivalrate, relativemar) values (42,30,0.389999999999999,0.45950750699847);
insert into sourcetypeage (sourcetypeid, ageid, survivalrate, relativemar) values (41,0,0.99,1);
insert into sourcetypeage (sourcetypeid, ageid, survivalrate, relativemar) values (41,1,0.97,0.968119256916563);
insert into sourcetypeage (sourcetypeid, ageid, survivalrate, relativemar) values (41,2,0.95,0.937254895612678);
insert into sourcetypeage (sourcetypeid, ageid, survivalrate, relativemar) values (41,3,0.93,0.907374513081956);
insert into sourcetypeage (sourcetypeid, ageid, survivalrate, relativemar) values (41,4,0.91,0.878446739349931);
insert into sourcetypeage (sourcetypeid, ageid, survivalrate, relativemar) values (41,5,0.89,0.850441204540233);
insert into sourcetypeage (sourcetypeid, ageid, survivalrate, relativemar) values (41,6,0.87,0.823328506990717);
insert into sourcetypeage (sourcetypeid, ageid, survivalrate, relativemar) values (41,7,0.85,0.797080182386076);
insert into sourcetypeage (sourcetypeid, ageid, survivalrate, relativemar) values (41,8,0.83,0.771668673874526);
insert into sourcetypeage (sourcetypeid, ageid, survivalrate, relativemar) values (41,9,0.81,0.747067303137196);
insert into sourcetypeage (sourcetypeid, ageid, survivalrate, relativemar) values (41,10,0.79,0.723250242379842);
insert into sourcetypeage (sourcetypeid, ageid, survivalrate, relativemar) values (41,11,0.77,0.700192487217497);
insert into sourcetypeage (sourcetypeid, ageid, survivalrate, relativemar) values (41,12,0.75,0.677869830423563);
insert into sourcetypeage (sourcetypeid, ageid, survivalrate, relativemar) values (41,13,0.73,0.656258836515816);
insert into sourcetypeage (sourcetypeid, ageid, survivalrate, relativemar) values (41,14,0.71,0.63533681715262);
insert into sourcetypeage (sourcetypeid, ageid, survivalrate, relativemar) values (41,15,0.69,0.615081807313529);
insert into sourcetypeage (sourcetypeid, ageid, survivalrate, relativemar) values (41,16,0.67,0.59547254223927);
insert into sourcetypeage (sourcetypeid, ageid, survivalrate, relativemar) values (41,17,0.65,0.576488435106898);
insert into sourcetypeage (sourcetypeid, ageid, survivalrate, relativemar) values (41,18,0.63,0.558109555416683);
insert into sourcetypeage (sourcetypeid, ageid, survivalrate, relativemar) values (41,19,0.61,0.540316608068032);
insert into sourcetypeage (sourcetypeid, ageid, survivalrate, relativemar) values (41,20,0.59,0.523090913102501);
insert into sourcetypeage (sourcetypeid, ageid, survivalrate, relativemar) values (41,21,0.57,0.506414386092599);
insert into sourcetypeage (sourcetypeid, ageid, survivalrate, relativemar) values (41,22,0.55,0.490269519155825);
insert into sourcetypeage (sourcetypeid, ageid, survivalrate, relativemar) values (41,23,0.53,0.474639362573978);
insert into sourcetypeage (sourcetypeid, ageid, survivalrate, relativemar) values (41,24,0.51,0.45950750699847);
insert into sourcetypeage (sourcetypeid, ageid, survivalrate, relativemar) values (41,25,0.49,0.45950750699847);
insert into sourcetypeage (sourcetypeid, ageid, survivalrate, relativemar) values (41,26,0.47,0.45950750699847);
insert into sourcetypeage (sourcetypeid, ageid, survivalrate, relativemar) values (41,27,0.45,0.45950750699847);
insert into sourcetypeage (sourcetypeid, ageid, survivalrate, relativemar) values (41,28,0.43,0.45950750699847);
insert into sourcetypeage (sourcetypeid, ageid, survivalrate, relativemar) values (41,29,0.41,0.45950750699847);
insert into sourcetypeage (sourcetypeid, ageid, survivalrate, relativemar) values (41,30,0.389999999999999,0.45950750699847);

-- 
-- Populate the HPMSVTypeYear Table
--
delete from hpmsvtypeyear;

insert into hpmsvtypeyear (hpmsvtypeid, yearid, VMTGrowthfactor, hpmsbaseyearvmt, baseyearoffnetvmt) values (20, 1999,null,1467702589069.97,null);
insert into hpmsvtypeyear (hpmsvtypeid, yearid, VMTGrowthfactor, hpmsbaseyearvmt, baseyearoffnetvmt) values (40, 1999,null,6534792797.31108,null);
insert into hpmsvtypeyear (hpmsvtypeid, yearid, VMTGrowthfactor, hpmsbaseyearvmt, baseyearoffnetvmt) values (20, 2000,1.02,null,null);
insert into hpmsvtypeyear (hpmsvtypeid, yearid, VMTGrowthfactor, hpmsbaseyearvmt, baseyearoffnetvmt) values (40, 2000,1.02,null,null);
insert into hpmsvtypeyear (hpmsvtypeid, yearid, VMTGrowthfactor, hpmsbaseyearvmt, baseyearoffnetvmt) values (20, 2001,1.04,null,null);
insert into hpmsvtypeyear (hpmsvtypeid, yearid, VMTGrowthfactor, hpmsbaseyearvmt, baseyearoffnetvmt) values (40, 2001,1.04,null,null);

-- 
-- Populate the roadtypedistribution Table
--

delete from roadtypedistribution;

insert into roadtypedistribution (roadTypeID, sourceTypeID, roadTypeVMTFraction ) values (23, 21, 0.143769715351135);
insert into roadtypedistribution (roadTypeID, sourceTypeID, roadTypeVMTFraction) values (33, 43, 0.0808355461983662);

-- 
-- Populate the MonthVMTFraction Table
--

delete from MonthVMTFraction;

insert into MonthVMTFraction (sourceTypeID, isLeapYear, MonthID, MonthVMTFraction) values (21, 'N', 7, 0.0894);
insert into MonthVMTFraction (sourceTypeID, isLeapYear, MonthID, MonthVMTFraction) values (43, 'N', 1, 0.11);

-- 
-- Populate the DayVMTFraction Table
--

delete from DayVMTFraction;

insert into DayVMTFraction (sourceTypeID, roadTypeID, MonthID, DayID, DayVMTFraction) values (21, 23, 7, 1, 0.035);
insert into DayVMTFraction (sourceTypeID, roadTypeID, MonthID, DayID, DayVMTFraction) values (43, 33, 1, 1, 0.045);

-- 
-- Populate the HourVMTFraction Table
--

delete from HourVMTFraction;

insert into HourVMTFraction (sourceTypeID, roadTypeID, DayID, HourID, HourVMTFraction) values (21, 23, 1, 7, 0.0135);
insert into HourVMTFraction (sourceTypeID, roadTypeID, DayID, HourID, HourVMTFraction) values (43, 33, 1, 7, 0.0098);

-- 
-- Populate the AverageSpeedDistribution Table
--

delete from AvgSpeedDistribution;

insert into AvgSpeedDistribution (sourceTypeID, roadTypeID, hourDayID, avgSpeedBinID, avgSpeedFraction) values (21, 23, 71, 1,0.0083);
insert into AvgSpeedDistribution (sourceTypeID, roadTypeID, hourDayID, avgSpeedBinID, avgSpeedFraction) values (21, 23, 71, 2,0.0272);
insert into AvgSpeedDistribution (sourceTypeID, roadTypeID, hourDayID, avgSpeedBinID, avgSpeedFraction) values (21, 23, 71, 3,0.021);
insert into AvgSpeedDistribution (sourceTypeID, roadTypeID, hourDayID, avgSpeedBinID, avgSpeedFraction) values (21, 23, 71, 4,0.0224);
insert into AvgSpeedDistribution (sourceTypeID, roadTypeID, hourDayID, avgSpeedBinID, avgSpeedFraction) values (21, 23, 71, 5,0.0217);
insert into AvgSpeedDistribution (sourceTypeID, roadTypeID, hourDayID, avgSpeedBinID, avgSpeedFraction) values (21, 23, 71, 6,0.0381);
insert into AvgSpeedDistribution (sourceTypeID, roadTypeID, hourDayID, avgSpeedBinID, avgSpeedFraction) values (21, 23, 71, 7,0.0344);
insert into AvgSpeedDistribution (sourceTypeID, roadTypeID, hourDayID, avgSpeedBinID, avgSpeedFraction) values (21, 23, 71, 8,0.0536);
insert into AvgSpeedDistribution (sourceTypeID, roadTypeID, hourDayID, avgSpeedBinID, avgSpeedFraction) values (21, 23, 71, 9,0.0614);
insert into AvgSpeedDistribution (sourceTypeID, roadTypeID, hourDayID, avgSpeedBinID, avgSpeedFraction) values (21, 23, 71, 10,0.07);
insert into AvgSpeedDistribution (sourceTypeID, roadTypeID, hourDayID, avgSpeedBinID, avgSpeedFraction) values (21, 23, 71, 11,0.2507);
insert into AvgSpeedDistribution (sourceTypeID, roadTypeID, hourDayID, avgSpeedBinID, avgSpeedFraction) values (21, 23, 71, 12,0.115);
insert into AvgSpeedDistribution (sourceTypeID, roadTypeID, hourDayID, avgSpeedBinID, avgSpeedFraction) values (21, 23, 71, 13,0.255);
insert into AvgSpeedDistribution (sourceTypeID, roadTypeID, hourDayID, avgSpeedBinID, avgSpeedFraction) values (21, 23, 71, 14,0.0212);
insert into AvgSpeedDistribution (sourceTypeID, roadTypeID, hourDayID, avgSpeedBinID, avgSpeedFraction) values (43, 33, 71, 1,0);
insert into AvgSpeedDistribution (sourceTypeID, roadTypeID, hourDayID, avgSpeedBinID, avgSpeedFraction) values (43, 33, 71, 2,0);
insert into AvgSpeedDistribution (sourceTypeID, roadTypeID, hourDayID, avgSpeedBinID, avgSpeedFraction) values (43, 33, 71, 3,0);
insert into AvgSpeedDistribution (sourceTypeID, roadTypeID, hourDayID, avgSpeedBinID, avgSpeedFraction) values (43, 33, 71, 4,1);
insert into AvgSpeedDistribution (sourceTypeID, roadTypeID, hourDayID, avgSpeedBinID, avgSpeedFraction) values (43, 33, 71, 5,0);
insert into AvgSpeedDistribution (sourceTypeID, roadTypeID, hourDayID, avgSpeedBinID, avgSpeedFraction) values (43, 33, 71, 6,0);
insert into AvgSpeedDistribution (sourceTypeID, roadTypeID, hourDayID, avgSpeedBinID, avgSpeedFraction) values (43, 33, 71, 7,0);
insert into AvgSpeedDistribution (sourceTypeID, roadTypeID, hourDayID, avgSpeedBinID, avgSpeedFraction) values (43, 33, 71, 8,0);
insert into AvgSpeedDistribution (sourceTypeID, roadTypeID, hourDayID, avgSpeedBinID, avgSpeedFraction) values (43, 33, 71, 9,0);
insert into AvgSpeedDistribution (sourceTypeID, roadTypeID, hourDayID, avgSpeedBinID, avgSpeedFraction) values (43, 33, 71, 10,0);
insert into AvgSpeedDistribution (sourceTypeID, roadTypeID, hourDayID, avgSpeedBinID, avgSpeedFraction) values (43, 33, 71, 11,0);
insert into AvgSpeedDistribution (sourceTypeID, roadTypeID, hourDayID, avgSpeedBinID, avgSpeedFraction) values (43, 33, 71, 12,0);
insert into AvgSpeedDistribution (sourceTypeID, roadTypeID, hourDayID, avgSpeedBinID, avgSpeedFraction) values (43, 33, 71, 13,0);
insert into AvgSpeedDistribution (sourceTypeID, roadTypeID, hourDayID, avgSpeedBinID, avgSpeedFraction) values (43, 33, 71, 14,0);

-- 
-- Populate the ZoneYearRoadType Table
--

delete from ZoneYearRoadType;

insert into ZoneYearRoadType (zoneID, yearID, roadTypeID, SHOAllocFactor) values (261610, 1999, 33, 0.0005);
insert into ZoneYearRoadType (zoneID, yearID, roadTypeID, SHOAllocFactor) values (261610, 1999, 23, 0.0005);
insert into ZoneYearRoadType (zoneID, yearID, roadTypeID, SHOAllocFactor) values (261610, 2000, 33, 0.00055);
insert into ZoneYearRoadType (zoneID, yearID, roadTypeID, SHOAllocFactor) values (261610, 2000, 23, 0.00055);
insert into ZoneYearRoadType (zoneID, yearID, roadTypeID, SHOAllocFactor) values (261610, 2001, 33, 0.0006);
insert into ZoneYearRoadType (zoneID, yearID, roadTypeID, SHOAllocFactor) values (261610, 2001, 23, 0.0006);

insert into ZoneYearRoadType (zoneID, yearID, roadTypeID, SHOAllocFactor) values (260930, 1999, 33, 0.0005);
insert into ZoneYearRoadType (zoneID, yearID, roadTypeID, SHOAllocFactor) values (260930, 1999, 23, 0.0005);
insert into ZoneYearRoadType (zoneID, yearID, roadTypeID, SHOAllocFactor) values (260930, 2000, 33, 0.00055);
insert into ZoneYearRoadType (zoneID, yearID, roadTypeID, SHOAllocFactor) values (260930, 2000, 23, 0.00055);
insert into ZoneYearRoadType (zoneID, yearID, roadTypeID, SHOAllocFactor) values (260930, 2001, 33, 0.0006);
insert into ZoneYearRoadType (zoneID, yearID, roadTypeID, SHOAllocFactor) values (260930, 2001, 23, 0.0006);

-- 
-- Populate the SourceTypeHour Table
--

delete from SourceTypeHour;

INSERT INTO SourceTypeHour (sourceTypeID, hourDayID, startsPerSHO, idleSHOFactor) VALUES (21, 71, 3.0975, 0);
INSERT INTO SourceTypeHour (sourceTypeID, hourDayID, startsPerSHO, idleSHOFactor) VALUES (43, 71, 0.6195, 0.0051625);

-- 
-- Populate the ZoneYear Table
--

delete from ZoneYear;

insert into ZoneYear (zoneID, yearID, startAllocFactor, idleAllocFactor) values (261610,1999,0.0012,0.0011);
insert into ZoneYear (zoneID, yearID, startAllocFactor, idleAllocFactor) values (261610,2000,0.0013,0.00112);
insert into ZoneYear (zoneID, yearID, startAllocFactor, idleAllocFactor) values (261610,2001,0.0014,0.00114);

insert into ZoneYear (zoneID, yearID, startAllocFactor, idleAllocFactor) values (260930,1999,0.0012,0.0011);
insert into ZoneYear (zoneID, yearID, startAllocFactor, idleAllocFactor) values (260930,2000,0.0013,0.00112);
insert into ZoneYear (zoneID, yearID, startAllocFactor, idleAllocFactor) values (260930,2001,0.0014,0.00114);
